ssn,name,address,phone,insurance_id,pcp
364-14-4177,Dene Azam,7238 Stang Alley,966-654-0617,543937,70
659-89-0957,Stefa Hedgecock,5 Farwell Junction,903-198-9970,971032,56
728-91-4975,Riane Rottger,6 Hoepker Terrace,605-214-1478,811200,94
280-22-1687,Fiorenze Knuckles,964 Talisman Road,323-211-4695,545466,44
693-48-8160,Emera Southward,502 Macpherson Hill,579-656-7957,739988,27
238-61-1402,Rab Tallach,56748 Bunker Hill Pass,801-227-5428,906950,83
720-95-5300,Christophorus Schellig,9 Pleasure Parkway,118-244-4849,622546,88
427-14-4226,Kate Hellsdon,8175 Forest Court,701-259-4512,254717,16
138-95-3360,Merridie Salzberger,32 Logan Alley,957-855-1744,490328,7
730-67-6237,Collette Robez,82 Loomis Pass,173-907-3755,190141,44
553-83-6393,Krystal Girodias,2 Bunker Hill Pass,817-700-6493,722977,52
597-48-2305,Chariot de Nore,4 Sheridan Terrace,894-516-7674,115856,25
636-24-7478,Kimberley Harme,3 Debra Crossing,383-529-7826,580172,100
839-05-8759,Beulah Cossentine,357 Portage Crossing,930-748-6210,468316,86
102-09-3343,Ignaz Jaksic,838 Stoughton Alley,486-694-3397,588083,81
714-62-5349,Merrill Muehler,54 Charing Cross Place,486-217-6073,881894,37
127-18-0789,Bruis Henden,12556 Annamark Way,717-400-1964,337443,1
565-10-0166,Tommi Rhoddie,0499 Pankratz Pass,935-696-7224,732579,79
396-20-3645,Gabriell De Blase,483 Homewood Junction,374-268-0017,728863,96
800-25-8471,Jammal Reyna,4 Harbort Plaza,400-596-9577,173232,17
587-09-1324,Valaria Karchewski,036 Schmedeman Trail,468-110-3938,279991,81
770-02-7118,Robby Titchen,010 Algoma Hill,669-686-2531,661893,2
572-63-3085,Bondon Lavens,00 Basil Terrace,266-234-8969,683099,93
377-43-5549,Abbye Clausner,08 Anderson Place,971-105-8465,485031,32
303-38-3463,Luce Puddicombe,89 Forest Dale Road,412-833-4844,880849,78
322-26-4241,Reinwald Jobb,81 Summit Hill,946-228-8752,757017,19
482-86-4849,Ezmeralda Cockshoot,5965 Mesta Terrace,696-936-0103,527019,18
797-47-2882,Ellerey Craythorn,77 Roxbury Road,820-252-2149,836588,34
535-39-9222,Rory Pulbrook,858 Nova Pass,692-476-1515,465835,89
503-29-7051,Jethro Simko,0870 Nova Alley,750-924-5553,911553,32
378-05-9917,Dulcea Millins,61279 Pond Way,958-536-8198,829459,50
503-51-4911,Addi Purslow,191 Forster Terrace,794-555-8634,690617,12
508-05-1248,Kimberli Hoy,2167 Heffernan Crossing,665-841-0467,679084,54
560-17-4612,Carolee Laird-Craig,7 Hoepker Lane,744-250-7917,494235,96
304-58-9527,Sybilla Martyn,7719 Northwestern Avenue,789-802-2214,150043,42
845-78-5523,Helene Uttridge,11 Mallard Circle,798-875-3222,566272,69
198-29-5818,Ida Cluet,0 Fallview Hill,416-194-8871,135335,42
452-57-6605,Donal Saill,07 Coleman Place,907-740-0911,117659,69
520-99-9065,Doti Fishbourne,6 Sage Circle,931-192-8526,596442,85
460-40-9581,Howey Tame,9051 Rockefeller Drive,607-632-4615,839827,95
568-28-9045,Iggie Gresham,401 Manufacturers Place,937-868-7069,446588,80
596-41-0484,Yancy Scholling,25350 Fulton Trail,546-925-0828,892312,88
759-11-3665,Helenelizabeth Beedell,365 Briar Crest Junction,734-784-0544,826491,3
770-87-0214,Ernesta Pitkaithly,7998 Rigney Hill,101-270-1402,224303,68
236-91-8312,Ebeneser Gurery,74829 Pepper Wood Avenue,314-626-3640,620059,25
132-70-4434,Worden Copestake,8044 Forster Alley,132-241-3814,745963,40
249-13-3350,Hort Frye,7701 Fair Oaks Avenue,675-359-9243,907762,21
256-34-5590,Joseph Peteri,7 Eastwood Lane,228-901-0187,198845,32
566-24-2545,Maridel Dils,42172 Loftsgordon Park,446-695-0402,431206,94
323-81-3050,Hollis Bigglestone,550 David Drive,666-129-5393,729337,89
351-86-9776,Mei Patise,04 Anhalt Avenue,140-380-1405,298527,29
281-96-6813,Freeland Daniell,9 Algoma Center,820-803-1726,142616,40
354-37-2606,Lolita Romme,736 Helena Street,903-744-2203,455211,29
299-58-8863,Lilli Casserly,35862 Mariners Cove Parkway,412-575-2611,582913,100
212-98-1426,Whitaker Mathew,1 Aberg Place,159-327-4681,552948,49
670-79-5910,Kermie Rewbottom,254 Warner Terrace,935-832-9608,812303,10
114-70-2802,Almeta Duckworth,8556 Dakota Drive,388-266-3547,114944,37
801-86-2021,Alli Clissett,76071 Green Way,960-183-1665,208045,93
639-42-7594,Sterne Le Friec,022 Sachs Road,491-321-4356,235658,97
451-96-0236,Camile Adel,12 Fisk Trail,108-916-7580,424751,83
860-83-8404,Rosalinda Artingstall,3535 Stoughton Plaza,372-597-0753,769738,65
217-69-1209,Gibb Blow,35711 Blaine Terrace,151-832-2725,454945,49
831-67-2835,Mike Shrieve,945 Heffernan Center,845-803-3789,380070,7
308-76-3298,Bonni Rysom,7274 Havey Trail,629-782-2130,532896,54
793-72-7007,Arte Courtonne,2 Chinook Point,869-547-8050,390340,13
863-97-1531,Melantha Donnett,78 Pleasure Court,595-734-2168,822459,53
866-61-3614,Merrilee Diloway,468 Fordem Trail,685-827-8691,227039,28
739-99-6339,Emelita Pretsell,0089 Green Hill,367-569-9721,296523,56
809-87-4414,Letti Aronovich,26008 Hoard Road,382-337-8082,709679,42
651-22-7831,Engelbert Caldaro,6618 Briar Crest Place,718-745-6349,311719,78
593-28-3313,Stavro Mussilli,825 International Way,837-813-7462,312566,82
889-87-5633,Kamila Merali,73597 Anzinger Pass,975-154-2290,302195,75
261-42-5061,Haskell Truesdale,71 Dryden Trail,855-119-2250,507155,57
735-82-3826,Korella Milbank,6115 Washington Way,621-816-8937,432055,67
280-13-5270,Geri Duchart,240 Buena Vista Lane,993-630-8572,182955,35
529-74-6884,Wendeline Farmar,145 Crownhardt Hill,368-786-2115,898603,47
192-78-5701,Carena Rowthorne,0 Bonner Trail,113-535-4839,519636,83
638-69-8822,Dari Gatfield,62 Eliot Terrace,695-272-0075,930027,36
594-48-9239,Ham Levis,39306 Upham Place,297-481-3470,907122,22
809-26-6184,Trefor Haryngton,8 Reinke Alley,584-573-3601,518286,58
883-83-2677,Tome Chivrall,987 Fair Oaks Crossing,888-735-8195,761135,71
518-98-4656,Izzy Kurten,0 Coleman Street,161-989-5410,576601,3
569-48-5837,Laverne Davenall,45507 Shasta Place,522-448-8351,819454,49
201-18-7127,Bobbye Owen,90479 Holmberg Place,117-950-1314,160467,4
667-65-9739,Christel Ville,2 Corry Crossing,707-242-9370,672192,16
118-65-2952,Lynnelle Tedman,754 6th Trail,827-663-2609,316147,46
197-17-9349,Stephannie Harower,15 Roth Pass,231-423-1196,661837,21
437-07-1323,Zelma Newlove,78465 Fisk Circle,667-646-7408,763344,36
284-42-8000,Connie Cockton,569 Grasskamp Drive,116-697-5787,972853,87
714-92-2070,Rosalinda Pinniger,10 Kensington Parkway,955-660-7975,769978,35
888-81-3211,Monah Arthey,688 South Road,482-284-9652,277528,39
436-43-5154,Marji Platts,944 Clyde Gallagher Point,451-491-5002,978763,77
127-46-7874,Jeri Ricardot,2684 Fairfield Drive,686-459-5127,700063,15
894-57-6474,Charo Laughlan,55 Thackeray Terrace,518-731-4228,734712,49
287-04-9426,Andy Barham,11350 Holmberg Plaza,909-880-3144,152845,79
222-66-5653,Dave Finby,0825 Columbus Lane,842-226-9818,409302,16
399-35-2118,Chastity Winchester,24765 Roxbury Circle,984-739-5801,988107,67
202-64-3999,Ollie Benitez,5077 Jackson Junction,227-438-1953,572566,5
660-72-3454,Amata Fuzzey,936 Bartelt Point,592-986-1865,534593,46
254-28-6417,Kathi McElvogue,89 Schurz Court,875-448-0934,904342,14
467-70-5039,Bobinette Sabine,37 Hovde Hill,516-107-6155,369916,6
861-34-1084,Aubert Winslett,454 Amoth Plaza,115-974-0043,871068,29
501-87-9127,Raymund Calterone,10 Straubel Center,812-733-7233,503587,35
162-99-1186,Sonnie Hakewell,00161 Harbort Terrace,921-147-9024,710462,59
788-34-8808,Frederic Kilgallon,029 Superior Crossing,749-268-2826,147550,73
409-27-4762,Clemmy Baiden,089 Monterey Parkway,230-639-0799,330836,46
495-70-7486,Verla Ewart,8606 Eastwood Pass,318-452-8979,791797,44
799-79-0954,Goddart Binestead,88 Veith Place,841-892-0146,749584,28
427-05-1534,Freeman Dunks,28214 Westport Alley,364-148-5354,978359,89
663-58-3064,Gilles Itzkovitch,11218 Eliot Junction,448-248-6176,818658,94
198-81-6667,Morissa Seyler,19 Lerdahl Alley,978-424-9787,537083,7
798-87-3690,Pattin Collyer,58338 Namekagon Street,593-285-0531,329633,74
844-68-5106,Georgi Hannibal,721 Moulton Alley,781-114-5511,775236,6
126-83-9541,Mady Jaquemar,69776 Sutteridge Trail,288-209-1914,388259,19
518-22-9480,Elissa Boodell,8417 Graceland Street,427-581-0678,379323,40
639-69-6991,Ricca Ledward,2614 Weeping Birch Court,861-591-6246,641209,29
354-07-5572,Blakelee Farnish,71730 Stuart Street,576-291-2675,701200,92
525-91-5032,Gottfried Gytesham,9 Goodland Plaza,184-626-1789,501827,93
112-16-1512,Alexis Killik,176 Fuller Center,530-599-1670,171394,55
415-36-2271,Cacilia Stroton,242 Loeprich Place,699-795-8113,750054,24
628-14-2977,Sylvan Hollyar,92515 Michigan Point,253-341-6374,516717,5
582-56-2876,Jonis Bagott,411 Hoard Trail,877-396-4079,999365,86
759-40-3494,Gill Sobtka,7343 Ridgeway Terrace,116-635-6887,531279,87
727-14-8591,Ric Conigsby,8454 Maryland Parkway,936-849-4028,663652,25
569-40-0040,Flo Jouannot,76 Butternut Avenue,750-455-0716,422774,56
560-95-3597,Elliot Conyard,86 Crest Line Lane,550-166-5945,544069,86
161-64-4660,Lainey Atkin,154 Anzinger Trail,716-544-4850,112495,36
165-04-5356,Farrah Disbrey,40 Atwood Terrace,613-209-0595,964665,74
473-53-0195,Chalmers Swepstone,0 Manley Way,693-844-1162,123989,64
739-41-1456,Antonietta O'Kieran,30901 Forest Alley,441-180-7089,507093,8
677-32-6642,Corly Housecroft,8 Brickson Park Court,379-858-9956,794503,27
785-23-1931,Ali MacCambridge,7 Service Drive,269-304-0445,493037,6
834-94-7712,Alvan Tourot,39440 Lotheville Park,365-559-1297,939207,79
702-28-6015,Norma Swede,64 Oxford Circle,626-809-6065,723398,47
722-49-8680,Field Ferriere,2 Tennyson Parkway,918-733-7945,853459,35
690-75-6196,Kurt Reyna,232 Briar Crest Pass,210-465-8042,645925,69
599-86-1914,Sophronia Heinig,87 Sugar Court,687-883-1194,699616,78
760-39-0297,Ode Scothorn,188 Union Center,327-911-5549,234026,91
707-91-8461,Philbert Moores,1263 Chinook Center,527-205-2105,171214,62
256-41-9692,Nanine Mortimer,6 Ryan Plaza,915-409-1279,275894,58
895-66-8487,Loreen Sywell,567 Bartelt Crossing,459-123-6110,777678,36
468-48-8278,Stacee Downes,1 Talisman Point,694-514-8145,573852,45
847-06-9064,Debby Aveling,1907 Pennsylvania Park,321-547-6331,275811,65
301-06-4298,Guglielma Scardifield,72 Carioca Trail,874-296-0687,668053,16
444-24-3183,Dulce Scougal,9386 Warrior Junction,211-414-6134,916882,51
408-57-0894,Eldin Highwood,37526 Swallow Road,503-566-9563,594427,50
599-47-0292,Kari Tarn,5866 Hermina Trail,677-383-1220,967000,67
878-20-5187,Hugues Silbersak,59470 Fairfield Junction,674-451-4523,710780,88
835-09-3311,Harman McEnhill,9451 International Center,804-341-8734,889856,77
575-14-3728,Jillene Ashment,67923 Norway Maple Street,645-251-3013,960224,35
899-04-4263,Mariele Abrami,130 Grasskamp Point,588-378-6120,609492,38
594-97-4089,Cornelia Oven,9808 Reinke Parkway,974-637-3295,315081,82
260-07-8361,Adelbert Sketch,4422 Carpenter Hill,202-879-1186,787198,18
173-11-3791,Erastus Tureville,799 Comanche Terrace,620-534-7506,464344,11
136-41-5507,Malchy Simson,44 Village Green Terrace,563-597-7460,266629,4
517-16-4008,Germaine Rodden,2 Kropf Terrace,640-571-3810,991856,64
236-22-6286,Doris Jobling,6484 Redwing Lane,188-364-2960,530019,42
769-10-8772,Clyve Pedlingham,6 Ramsey Crossing,512-583-2473,368596,6
745-12-1807,Worthington Whitham,4 Browning Street,113-467-0834,913427,3
408-17-1689,Lenee Catchpole,07 Helena Terrace,842-814-2910,957603,35
313-56-2998,Corry Hansed,221 Sheridan Junction,376-461-9768,398319,56
567-81-4380,Jori Dumberrill,8 Bluestem Parkway,753-659-0494,282634,91
555-55-1408,Odella Gouck,29587 Cherokee Crossing,708-433-2518,741152,40
735-91-2466,Alphard Gerald,3 Forest Street,435-278-1087,419712,47
884-22-6123,Stanwood Rogliero,77 Dixon Trail,502-324-9555,778170,10
823-51-3288,Fonsie Deniske,70634 Golf View Lane,889-330-0988,170569,47
311-94-2450,Terri-jo Pharo,7 Blackbird Hill,327-462-6914,365209,34
811-22-1375,Denny Perree,73 Mcguire Plaza,569-590-7894,195447,75
625-65-3437,Willdon Conklin,94456 Park Meadow Road,964-245-8580,101460,21
339-94-8580,Tully Lias,61136 Duke Parkway,391-251-6629,960711,39
806-88-5996,Hillary Busch,8 Del Mar Junction,145-925-3339,313816,66
239-45-7534,Malanie Ivetts,2 Artisan Terrace,672-977-0075,388828,52
207-45-9976,Lotty Whanstall,6404 Corscot Drive,495-481-7129,110725,64
806-19-0113,Elene Tapley,5 Pearson Junction,894-487-6694,466076,51
326-63-0249,Lizette Spiller,1 Linden Drive,368-833-2783,287065,93
596-07-8809,Stevena Sinisbury,18 Fremont Junction,116-248-6290,954423,79
444-97-0797,Onida Yushin,0481 Eagan Crossing,908-697-1951,868203,94
474-78-8536,Silvanus Buret,713 Granby Crossing,788-394-8213,552085,92
754-52-1507,Reuben Skidmore,500 Dwight Alley,617-351-2505,143283,100
527-46-9848,Warden Code,4510 Moose Street,901-675-8292,965651,97
763-95-0737,Locke Chicchetto,626 Blaine Crossing,798-961-3090,544005,6
493-57-7041,Brockie Fonzone,3654 Forest Dale Center,672-454-5299,713830,56
681-59-7601,Carmine Sedcole,0 Stoughton Park,951-715-8625,996456,43
185-81-0885,Viviyan Cristea,1 Lindbergh Way,227-825-1990,229550,66
409-86-3229,Chadd Mourge,5 Pennsylvania Parkway,702-170-9760,597458,30
382-66-5922,Jeanie Hopewell,515 South Way,949-747-2088,630494,69
200-01-6667,Kaylil Corck,8 Columbus Pass,691-220-1431,794046,7
455-18-4954,Torey St. Queintain,9 Northview Drive,423-406-0460,733943,9
802-66-9095,Jamison Haxell,5 New Castle Avenue,194-354-5022,166537,64
288-31-8617,Zollie Crookall,8553 Mendota Trail,629-564-6788,306642,99
416-11-2445,Kelila Rampage,43607 Huxley Avenue,408-373-3322,701165,50
851-30-7185,Vania Soppit,90 Thompson Street,466-621-5619,950692,5
296-24-2775,Danni Patterson,1420 Schmedeman Avenue,697-553-5438,114306,98
397-48-0756,Misty Ghidoni,508 Bashford Street,784-751-6437,782169,1
832-61-2032,Antonietta Crehan,28 Oakridge Drive,233-759-6189,450717,97
628-43-0079,Trudi Aggas,0 Norway Maple Court,359-112-5549,583357,7
645-51-2415,Chadd Maciocia,40 Ridgeview Drive,955-905-1989,608317,83
386-43-9204,Peder Tommeo,53 Bultman Hill,843-525-5847,577652,67
587-07-4206,Agnella McKeefry,0 Marquette Drive,126-842-4065,736679,25
720-12-7585,Gilda Herity,205 Killdeer Way,888-807-6678,793707,90
200-87-8112,Kimberly Trahair,382 Manufacturers Parkway,229-433-4948,290493,84
319-29-4993,Dennie Salvage,4043 Stang Trail,794-586-7799,996246,66
638-69-8503,Sallee Severwright,4810 Meadow Valley Way,486-119-6820,270290,91
578-67-1036,Guenevere Brunt,520 Bayside Avenue,655-877-5077,760878,57
340-13-6121,Bevvy Marshalleck,6190 Tony Parkway,748-803-8680,434331,85
315-83-0917,Sissie Knifton,0 Mandrake Street,215-215-4406,507888,96
341-55-6931,Kristin Van Dale,1576 Johnson Avenue,732-432-2478,817098,76
677-97-1523,Mariam Angus,48 Rockefeller Plaza,371-202-5373,746064,93
774-23-5641,Hugo Orthmann,224 Manitowish Lane,416-768-3815,417424,7
135-41-0659,Ulysses Ribeiro,9 Orin Terrace,708-570-5054,446638,22
531-20-8529,Moshe Acosta,84 Hudson Center,540-133-2685,746867,23
705-64-2921,Cathi MacGovern,851 Lake View Circle,243-684-0511,458998,29
730-91-7354,Rodolph Sarll,6982 Dottie Terrace,889-968-5547,479615,28
234-02-3099,Creight Lombard,54219 Lerdahl Lane,529-985-2667,903145,70
683-66-0379,Nolana Corrison,45841 Randy Plaza,224-367-2026,443908,93
543-64-7762,Darcee Banham,012 Grasskamp Hill,464-586-9223,813306,2
657-98-5147,Fielding Poletto,5056 West Road,702-686-2307,730302,63
335-69-9994,Cassondra Bestman,83 Golf Center,369-745-9273,644707,53
368-29-3360,Ora Corsham,74589 Upham Crossing,496-261-5063,424902,15
499-94-5388,Sybille Grewar,07 Texas Alley,822-689-3074,307817,14
886-97-4665,Antoine Geffe,46968 Graceland Lane,422-370-7208,807682,59
619-25-4549,Hetty Tomczynski,272 Vermont Pass,649-746-8862,656460,75
764-71-3970,Modestine Sergent,37889 Manitowish Alley,451-441-2333,809460,62
125-66-3766,Winnifred Dennistoun,33741 Monica Point,925-886-1411,504602,43
204-51-2178,Nerti Paike,5 Anthes Terrace,304-811-9284,374909,72
457-06-4532,Gabi Creebo,0711 Meadow Ridge Road,924-614-9413,909865,91
483-10-9599,Alic Morratt,26 Dahle Lane,738-499-9158,319644,93
250-14-6020,Irving Ventham,44311 Fremont Pass,872-831-8054,487763,41
648-27-5290,Sonnnie Gildersleeve,3 Stoughton Terrace,388-853-6248,253949,5
490-21-5851,Ardella Gerbi,80857 Morningstar Avenue,270-389-2386,153401,87
179-34-9952,Noell Erridge,49 Algoma Parkway,247-722-4329,830531,10
579-06-4268,Magdalena Brettoner,6904 Saint Paul Hill,633-134-5013,159800,59
668-33-3432,Orel Fairlaw,91 Anzinger Park,242-927-5955,594336,6
414-62-5752,See Elie,1 Stone Corner Place,933-953-3675,311368,69
650-37-0850,Inger Kleinmintz,018 Pierstorff Road,385-447-8409,312258,19
290-93-2741,Simon Kumar,92251 West Drive,651-113-7087,470363,31
603-28-0561,Dale Casale,041 Northland Plaza,339-738-6272,433164,30
100-02-8421,Ferd Snyder,0521 Knutson Place,204-917-2934,523430,60
407-97-9152,Kassey Redihalgh,542 Dapin Road,436-635-8624,680339,23
259-27-9853,Helenka Netley,61 Stoughton Avenue,737-593-2568,618018,45
346-98-4381,Kass Petrishchev,91296 Raven Avenue,400-444-4037,769032,52
269-50-7178,Hadleigh Dalinder,148 Northwestern Pass,517-766-7267,806211,8
218-69-6802,Puff Kick,66 Rutledge Drive,681-352-9721,423982,25
596-67-0694,Madison McMenamy,3 Ridgeview Terrace,902-951-2510,861504,13
879-91-8782,Pauli Esome,96344 Sutherland Place,199-669-8408,845561,89
544-04-4988,Reinaldos Willarton,004 Bartelt Pass,663-904-9323,908550,51
421-33-7698,Jeanelle Yaus,1154 Jenna Parkway,641-806-1834,599837,4
352-53-5388,Gilbert Chastey,867 Melby Park,297-982-4237,871133,5
621-11-7525,Celisse Tomaszynski,7681 Shoshone Junction,721-320-8751,348531,65
708-57-9830,Rozanne Brazel,7196 Russell Trail,486-161-4714,294146,100
679-26-3884,Clio Gurr,8 Main Pass,932-250-2191,655463,60
771-69-0776,Goran Whitehair,60 Summit Crossing,721-408-3257,555333,61
437-52-9526,Garik Algie,111 Dovetail Crossing,537-358-4467,638247,25
120-38-1785,Guy Egle,4 Merchant Circle,593-681-8619,946841,49
339-41-0206,Hermann Tuckerman,1418 Fallview Alley,920-832-6290,366670,10
275-94-4360,Alyssa Garthland,308 Mesta Terrace,354-410-5950,572652,88
768-20-5669,Justinian Gershom,6 Twin Pines Junction,208-880-5119,292258,38
413-18-7014,Augustin Payton,36173 Clarendon Terrace,306-437-5997,408144,68
406-70-0982,Cornelia Hastelow,2 Atwood Terrace,702-486-8549,519850,69
398-91-9508,Brook Bosquet,86 Mallard Road,410-863-4928,499855,35
520-88-9937,Joshia Huebner,17051 Magdeline Avenue,489-140-8487,139754,43
856-15-9835,Thorny Tudhope,41 Northfield Pass,585-794-0447,937394,65
892-87-9546,Leopold Corneck,80882 Sauthoff Court,609-581-1536,894525,69
318-59-6932,Dody Jakes,40 Farwell Drive,324-396-9130,222242,98
320-33-2901,Benedicta Coraini,462 Independence Pass,254-214-4793,177335,83
300-17-1858,Gates Fairbard,02312 Scoville Pass,735-876-8680,216682,80
452-96-3658,Ardelle Shackleton,42 Hansons Crossing,981-838-4940,227655,41
813-36-3949,Ramona Letchmore,8089 Duke Place,834-184-0676,641126,82
306-25-5216,Pierce Sigert,33 Granby Parkway,852-930-2151,911420,12
145-52-2937,Gus Vittet,443 Warrior Park,829-622-5105,698816,82
215-01-8008,Leroi Picot,0390 Menomonie Trail,848-510-1538,667275,92
230-34-4294,Gabbie Siaskowski,98 Express Circle,945-176-6381,367922,37
107-98-8275,Hamel McCalister,817 Garrison Road,153-290-9743,726033,16
489-41-1285,Cheryl Bullas,5 Cottonwood Road,357-155-1488,878959,18
574-91-6186,Martie Ciepluch,69 Mariners Cove Parkway,193-975-2223,908481,30
373-95-0339,Lorin Farny,87 Evergreen Circle,837-429-9731,260615,55
735-57-4658,Susana Nettles,75076 Killdeer Drive,925-728-5361,315828,59
871-03-9339,Winthrop Vayne,59 Center Junction,595-171-7708,695794,18
496-78-6444,Anselm McGonagle,6667 Old Shore Drive,979-924-2163,895954,44
129-87-7029,Celisse Ricker,44571 Chive Crossing,266-127-2796,563654,21
565-21-1078,Cirillo Pippard,9517 Beilfuss Pass,115-190-8904,895359,82
132-32-3332,Margalit Nicholson,6873 Westport Lane,638-303-7403,837725,3
643-46-4552,Dewey Meddick,58650 Waxwing Hill,978-681-7512,977996,84
618-73-5603,Eyde Finnigan,0582 Crownhardt Point,208-953-3856,914473,63
515-91-6810,Kassey Woollett,68 4th Terrace,296-344-5259,140418,100
327-44-8312,Rozanna Gayton,77458 Pond Street,134-713-6345,154493,64
485-06-2669,Ernesto Marshall,308 Daystar Terrace,627-588-2273,625973,22
171-57-0120,Willie MacCague,0 Superior Road,376-360-4141,448449,22
348-97-5358,Simone Casiero,67815 Waxwing Drive,765-149-8944,289609,16
871-52-0794,Ike Aylott,1 Darwin Road,720-414-8002,347332,36
393-84-4731,Avrit Jaquest,00236 Fremont Point,719-187-7716,106583,99
182-61-0843,Arne Fronsek,4492 Barby Drive,383-939-3682,943095,31
726-27-6210,Claribel Wogden,64 Walton Hill,860-738-9097,631711,1
280-59-6610,Yale Yielding,2 Katie Terrace,568-973-2045,199088,52
166-66-2897,Valentino Argile,05055 Oakridge Circle,182-776-1900,542665,74
154-28-5398,Mersey Manon,7059 Forster Terrace,852-768-2860,731241,57
561-89-5366,Othilia Firbank,89 Prairie Rose Road,344-601-3290,690349,77
444-03-0369,Shepperd Boocock,24 Bluejay Drive,286-341-3302,675777,59
562-17-6252,Dino Beaumont,225 Summit Parkway,586-270-2413,402465,75
683-60-5570,Jenica Gowlett,0972 Melby Drive,504-870-0339,490199,52
153-69-6817,Krisha Habbon,4 Maywood Junction,140-268-1531,832241,49
435-95-3439,Chickie Whitehouse,7 Cascade Road,277-836-1242,687186,16
448-23-7954,Giorgi Bernardet,00 Birchwood Road,174-985-1036,806653,65
273-14-9234,Tobit Bartod,37 Brickson Park Center,736-344-1906,987428,69
187-13-9630,Mychal Issitt,26023 Hollow Ridge Court,529-150-3516,877132,36
234-74-8673,Natty Searsby,48182 Pleasure Avenue,817-932-0444,737905,8
704-27-9497,Magdalene Gallie,9 Crescent Oaks Crossing,975-934-4720,616225,26
503-57-4422,Hillel Emslie,19657 Rockefeller Junction,481-632-0600,594178,33
590-93-7962,Samaria Buntin,7 Meadow Ridge Court,339-800-9094,633387,19
369-86-3090,Freddi Bastin,57 Eastlawn Avenue,340-240-7406,196601,72
819-87-8812,Clareta Sedgebeer,249 Bashford Drive,815-175-3376,355152,49
537-91-3384,Will Rollin,6426 Longview Place,770-525-1131,709365,89
744-10-1287,Del Tribe,9 Melrose Court,176-467-9332,127789,34
310-22-0622,Franklin Trill,3877 Manufacturers Court,750-411-1593,354222,99
487-35-8650,Urban Risby,86 Lake View Road,333-886-7209,236875,14
379-73-6965,Tobi Foulkes,4 Coolidge Junction,223-931-3267,361470,78
545-24-6612,Valeria Szymonwicz,285 Graedel Alley,941-112-7313,920805,3
462-38-2258,Roxine Beavon,9656 Hoffman Pass,660-517-8652,316958,44
498-66-8802,Brewer Salleir,959 Dottie Park,698-747-2880,346901,93
120-51-0651,Aylmar Grigolli,536 Hermina Plaza,671-276-3647,475400,34
689-96-3224,Maud Proudler,785 Carioca Drive,288-694-7514,897993,10
502-94-1470,Huey Cosh,63664 Morningstar Junction,446-526-9108,308808,12
459-95-9629,Bondon Otto,2944 Gulseth Place,253-784-4257,789404,76
421-41-4464,Bevon Beardshaw,48 Brickson Park Trail,491-279-3307,476913,71
699-89-3379,Jervis Housley,1628 Sauthoff Junction,899-221-1259,293046,51
128-42-4132,Welby Coddrington,4 Katie Parkway,321-888-2881,531615,86
869-10-4110,Fremont Eddisford,204 5th Street,568-608-0773,145211,9
635-07-6833,Miguelita Kelson,24 Southridge Park,699-282-4717,153937,27
477-32-2207,Fabio Plak,6400 Portage Pass,449-460-9051,887111,34
199-29-8103,Kelsey Brosetti,6 Novick Terrace,742-811-3105,457052,59
834-11-3726,Kaye Lawrenceson,0357 Green Center,331-718-6448,741128,25
532-35-3743,Idalina Silverston,7652 Helena Street,467-183-3102,372647,68
445-13-5185,Marylynne Harle,74754 Anhalt Street,884-430-9977,806994,22
223-21-0899,Trix Lowmass,14 Northland Lane,606-773-1399,713826,22
688-83-9934,Valeda Fike,12 Bayside Way,673-732-4955,562040,70
251-50-9461,Janella Biaggelli,7 Mcbride Crossing,258-666-2161,211044,65
649-61-5215,Misty Aindriu,37 Karstens Plaza,212-154-2695,860851,3
506-71-9394,Edythe Bereford,9805 Heffernan Way,751-724-1733,602483,90
317-09-0254,Olivette Laughton,5944 2nd Place,459-746-4006,384174,25
367-39-8567,Weber Kaplan,1399 Sachtjen Way,884-710-1011,963597,73
436-53-6613,Antonius Cromleholme,24618 Butterfield Place,795-786-3182,166142,25
161-46-7864,Meade Dodworth,51 Jay Alley,538-357-9809,394685,85
868-41-1051,Angelina Gaymar,9 Main Court,500-856-9771,295790,78
641-51-1890,Marwin O'Hannigan,1 Esker Crossing,574-160-8854,881318,72
174-98-2757,Gates Oswal,00986 Cascade Plaza,473-646-3287,239377,7
430-39-0939,Helaine Mangeney,456 Darwin Alley,419-585-3539,757774,35
683-81-7023,Ursulina Abad,991 Fisk Drive,803-934-7170,814370,28
236-69-4020,Rosina Kirsche,29 Nova Drive,695-436-7576,885170,79
159-69-5007,Rosalia Huntingdon,8515 Kim Plaza,328-133-1251,801113,80
893-35-6526,Thor O'Clery,9 Packers Court,850-649-9089,515640,86
538-26-4262,Georgeanne Elsey,99255 Burning Wood Hill,751-880-8391,468844,90
510-49-0533,Mariele Jenks,2 Meadow Vale Street,711-249-4361,599741,36
230-77-7882,Justino Cordaroy,93783 Lakeland Plaza,347-648-9461,294538,79
474-69-3882,Etheline Petschel,1491 Luster Terrace,810-318-2206,116529,43
807-96-6268,Katuscha Skeech,4 Hoepker Trail,296-875-3014,581744,6
349-47-6932,Riobard Bilbee,872 Milwaukee Street,671-608-2145,757468,27
283-64-1075,Selie Burless,23711 Arkansas Parkway,394-956-0589,973064,16
420-44-8822,Tremayne Rosenau,742 Brown Street,498-545-1140,591677,78
461-79-5265,Dorey Dust,6 Gateway Alley,487-626-4583,987521,52
888-72-5570,Delbert Kille,1812 Nova Circle,804-885-1895,607509,5
236-20-7442,Allx Mayall,91868 Elgar Road,612-291-0417,570338,86
572-54-5096,Gillian Kindall,6 Jenna Pass,821-613-5206,954455,87
806-66-7839,See Stockney,95656 Weeping Birch Circle,114-940-2959,960940,49
688-67-3798,Liesa Duckerin,83352 La Follette Crossing,748-188-6101,697473,61
549-89-5203,Curr Oosthout de Vree,456 Caliangt Street,433-833-2244,381142,51
745-40-5267,Jasper Sproule,3221 Golf View Drive,116-834-7496,576827,4
701-25-0315,Valle Lapere,82882 Armistice Point,481-223-6631,422106,12
313-46-3659,Isahella Isenor,84080 Mallard Terrace,107-969-2808,398994,31
454-39-0668,Marrilee Patershall,385 Ilene Point,687-845-8074,582024,19
492-85-2637,Lottie Oldacres,651 Hansons Circle,616-133-8602,334595,87
772-31-0885,Nicolas Norcutt,98 Sunnyside Plaza,775-694-7738,632834,12
868-06-3476,Bertram Riordan,56702 Dwight Road,208-212-7505,679590,64
615-33-3554,Angil Berrigan,3481 Fairfield Way,270-580-2967,327596,26
331-86-5584,Chelsae Oloman,82247 Twin Pines Street,392-908-0674,111667,52
630-96-3328,Claudie MacArte,45 Vera Court,347-843-6904,345238,70
289-78-4238,Cordell Stockin,8156 Carioca Trail,700-835-7225,885074,25
112-55-1297,Martita Blitz,6217 Loftsgordon Lane,843-453-6511,776603,96
305-67-0623,Kylila Galbraeth,98 Doe Crossing Way,581-789-6153,506936,13
738-57-6940,Minetta Murrow,79 Alpine Point,976-915-3340,500171,20
154-29-0627,Jud Dirr,9225 Waywood Drive,204-294-4704,887242,20
271-30-0488,Rhett Faustian,9 Stoughton Trail,711-905-9247,914318,41
578-25-6897,Diandra Josephson,00575 Lukken Alley,686-203-2238,572635,73
225-41-9318,Fancie Schuricht,6 Lawn Alley,744-639-3686,107430,22
172-24-5299,Homerus Buie,07644 Hovde Trail,872-803-0299,931412,1
832-33-2480,Valaree Greenstead,0 Hazelcrest Center,610-716-6517,390757,26
503-24-5840,Ginnie Beazleigh,871 Basil Center,488-624-9961,657837,10
354-34-4727,Bernardine Parres,01 Graedel Alley,783-256-8371,643563,21
190-01-0077,Axel Ramshay,6 Cardinal Center,768-735-8706,777556,61
333-25-3824,Pepi Reilingen,30 Lukken Drive,732-686-0020,899918,86
535-58-9745,Delano Hadwen,40466 Buena Vista Crossing,177-798-3120,581597,16
766-45-6014,Osbourn McElhinney,7 Maple Wood Plaza,657-836-8436,287194,99
324-73-1688,Margaretta Howsin,54669 Norway Maple Park,154-245-7900,603668,67
799-98-3060,Raimondo McCullagh,3837 Artisan Terrace,698-271-0762,469679,37
275-99-0591,Clarance Knibley,37450 Brentwood Trail,755-107-1063,869016,89
289-76-1318,Tedie Thumnel,45395 Mandrake Lane,129-735-0508,206881,16
153-42-8438,Morley Stanett,2 Clarendon Trail,995-766-7790,761609,60
261-11-5920,Judy Flott,74734 Goodland Road,701-834-2757,276746,47
733-80-0500,Silas Maylour,8788 Ridge Oak Place,657-498-7300,811338,96
270-96-9833,Nanete Pittaway,4 Melby Parkway,563-235-4057,639423,88
466-89-5418,Ramona Leadbetter,8980 Fulton Alley,563-124-7953,209653,2
551-23-9089,Hannie Pummell,09480 Granby Park,201-490-4618,256897,60
482-90-6520,Meghan Jatczak,33546 Golf Course Circle,466-920-1203,730011,51
803-78-6560,Lorilyn Topham,4589 Sullivan Parkway,630-989-0953,407880,13
891-64-3631,Pascale Van der Son,97 Scoville Parkway,530-876-4367,342071,60
252-34-5724,Anallese Eeles,9317 Bultman Center,227-465-6890,110099,85
423-86-3296,Braden Lipmann,9 Rutledge Parkway,475-375-6398,264494,3
517-90-1570,Daryl Eyckelberg,172 Mcguire Crossing,515-504-6972,455500,65
661-05-0483,Richmond Moller,02973 4th Court,543-176-6569,409506,87
567-20-0658,Matthaeus Berndtssen,0 Lindbergh Hill,530-809-2171,856435,64
717-40-7939,Lynde O'Kelly,3 Dahle Pass,709-539-6555,628645,61
210-62-3908,Maible Compson,06631 Rowland Court,365-815-0801,326279,72
374-54-2299,Keir Yerson,34 Oak Valley Place,672-257-0522,907678,45
361-18-2372,Nari Storck,468 Florence Pass,741-408-0390,985644,48
167-50-6319,Hazlett Buzek,3 David Crossing,818-155-5715,171142,24
112-17-5971,Elisabetta Gammett,5 Surrey Point,717-386-7912,269103,38
476-88-8988,Bonny Skamell,41067 Stone Corner Street,557-678-0118,401895,12
529-60-0970,Saleem Veitch,7 Fuller Road,819-703-2200,352873,41
754-62-5809,Jacklyn Duchart,404 Westridge Way,514-133-1778,242201,27
451-65-5881,Myrilla Kneaphsey,66 Gerald Road,750-171-5213,273652,57
606-70-0985,Bernie Lambdon,51620 Laurel Park,828-604-6479,138375,92
206-19-4940,Tirrell Hopkynson,88 Summerview Pass,342-831-4216,838345,88
776-30-8109,Karie Scritch,959 Darwin Terrace,912-329-2167,910988,83
640-27-2002,Edlin Lighton,69 Anthes Pass,915-470-3049,178160,53
195-42-0872,Mitzi Inglish,1571 Ryan Center,652-226-7983,880047,35
333-37-2934,Kassandra Thomelin,3052 Heffernan Lane,408-655-7679,151577,100
619-95-0355,Zena Gabbitas,80369 Waxwing Crossing,559-792-9492,235136,85
315-75-6128,Madlin Craft,89026 Bellgrove Crossing,103-552-9387,800902,35
366-64-5717,Norrie Djekovic,707 Susan Alley,254-254-2866,926289,15
651-56-4187,Susette Janks,479 Dryden Avenue,320-307-1651,886071,82
596-48-0170,Aggie Dunridge,74819 Grover Lane,125-672-8368,843434,23
382-60-9432,Maybelle Cready,896 South Junction,817-700-4766,642928,32
347-31-6000,Grannie Garm,40 Eagan Junction,534-514-4195,999384,79
258-87-2355,Morgen MacKegg,0 Anniversary Center,203-250-9447,901168,53
823-76-8297,Base Digges,11952 Portage Street,616-978-5249,549394,40
742-17-2717,Griz Gewer,26459 Schmedeman Lane,216-656-6239,511212,77
545-01-8900,Odelle Dudin,5466 Homewood Center,116-113-1006,777913,80
762-52-3072,Nert Douch,1 Ronald Regan Alley,233-189-6139,749060,75
412-88-2523,Lidia Obray,602 Bartelt Circle,233-703-1669,912549,18
508-61-3847,Odele Piesold,47 Kipling Terrace,356-271-9697,682776,95
478-11-7933,Deerdre Battman,0734 Packers Place,820-268-4115,443938,11
393-37-5881,Theodosia Kneeshaw,888 Lindbergh Court,325-270-5854,791807,70
753-24-1954,Allyce Saundercock,7 Raven Drive,433-884-0138,572005,91
319-84-4887,Mamie Robrow,70915 Mitchell Way,932-188-0122,838437,47
534-86-8070,Osbourne Scoggan,20035 Melody Circle,782-865-5248,581024,10
631-54-5151,Cynthea Skirlin,35129 Lakeland Place,430-989-7114,949943,84
850-41-9102,Joelle Govey,39 Grasskamp Road,964-778-6024,598425,76
606-10-6807,Helyn Beardwell,630 Bonner Hill,249-562-2041,177486,8
199-13-1703,Maridel Kmicicki,65645 Bay Point,728-373-3234,801784,62
363-62-0055,Laird Mordue,3327 Crescent Oaks Alley,878-230-8210,977253,98
887-06-6051,Egor Blumer,4885 Straubel Place,716-967-8853,784363,35
694-97-8708,Gabby Folley,2452 8th Park,362-804-5576,527454,47
482-08-5595,Frasco Castille,51201 Summit Plaza,865-616-3819,367559,29
414-84-3654,Waring Strangman,94371 Northport Alley,456-712-6692,266413,68
158-18-9400,Bartram Cases,88 Crescent Oaks Avenue,466-643-7553,499617,84
279-14-7966,Benjamin Mollon,160 Cascade Circle,301-237-2466,289058,40
857-41-4100,Justino Dunlop,375 Alpine Park,912-869-5407,948718,71
602-73-4421,Philipa Ellsbury,8 Crowley Avenue,178-663-1931,401225,35
443-18-5565,Zebedee Catto,2931 Commercial Road,313-358-9966,120001,99
707-84-9295,Larisa Silvers,0383 Emmet Avenue,454-909-7170,600129,46
325-95-8565,Nikolos Magister,14039 Monument Junction,343-325-4490,717592,95
816-94-3864,Juline Minear,340 Starling Alley,615-968-5138,749540,68
577-49-3673,Elisha Alkin,403 Alpine Street,417-279-2354,200625,63
500-32-9327,Coralie Loy,781 Tony Street,666-493-3904,740546,27
104-13-8898,Ruperta Pack,25877 Cambridge Trail,919-247-5250,874084,74
385-37-4947,Nevin Housen,587 Northwestern Parkway,803-633-8206,341238,73
582-77-4293,Sharl Kensley,754 Oak Trail,940-935-3991,171659,27
279-08-2499,Cati Malletratt,51211 Shasta Parkway,281-735-8460,733262,100
740-26-0935,Rodger Fleischmann,3 Troy Plaza,377-375-3769,287018,52
118-18-7466,Danya Pechet,912 Sloan Trail,215-635-2094,691046,34
756-85-8523,Davidde Smeeth,369 Granby Terrace,309-375-6048,630771,40
575-71-7633,Annice Piwell,926 Monterey Point,599-357-1499,499109,15
478-34-5641,Salmon Nerheny,6 Monument Street,401-172-7585,631305,93
596-54-8960,Evelin Huot,6 Harper Point,409-805-6140,726514,61
847-83-3189,Page Jocelyn,2 Morning Junction,592-305-7687,950325,93
221-17-5094,Agneta Fraschini,4 Maple Pass,303-146-0387,186707,70
309-90-0624,Trudie Fancutt,083 Hayes Point,783-207-2936,774180,29
215-22-4100,Emmalynne Reason,583 Goodland Park,728-293-7995,764043,14
488-26-5370,Latrina Goulding,5031 Sachtjen Park,882-800-1171,355135,45
859-82-7248,Russell Brookzie,0 Fallview Circle,242-164-9722,728102,26
393-98-8553,Daron Chimes,87 West Drive,354-757-2177,254975,14
796-70-8932,Anne-corinne Garlant,099 Shoshone Alley,577-728-2157,620670,30
366-94-3335,Johnathan Scimone,60 Waxwing Terrace,258-412-1165,800807,46
623-19-3152,Mirelle Coniff,93 Sage Center,969-703-1376,883048,49
381-83-5288,Helenka Danilchenko,94021 Oxford Way,142-820-5476,436918,84
716-41-6232,Arlyn Dowsing,307 Homewood Lane,162-598-3802,182101,58
507-48-9468,Thacher Wollrauch,17 Corben Pass,502-209-9351,875096,11
385-77-9158,Daveta Matousek,58 Ridgeway Terrace,531-181-9667,891111,3
820-41-3530,Daven Cavill,6 Grover Place,352-536-8110,849944,71
396-05-8173,Opaline Lambie,4 Crowley Court,249-433-2679,240117,40
758-61-5065,Caritta Luparti,23422 American Ash Drive,255-311-5093,552322,68
718-09-3565,Ada Galpin,62663 Pawling Drive,632-136-0121,495157,82
511-05-6443,Russell Bonus,969 Sunbrook Avenue,355-487-6228,108013,97
607-28-9838,Derk Arkle,5 Ridge Oak Court,633-554-9431,557981,19
105-12-7321,Elwood Heap,153 Pleasure Circle,409-837-2830,364329,23
137-48-1338,Lianna Odeson,9625 Rutledge Junction,887-331-0705,799910,36
205-88-5681,Dee Kundt,13798 Monument Alley,824-344-1119,616065,77
274-84-2960,Kirstyn Crose,2823 Mallory Place,781-248-8670,344194,23
683-89-1128,Rhett MacCurley,80553 High Crossing Crossing,126-915-2321,452496,49
477-78-1067,Ignacio Hayfield,06042 Saint Paul Drive,316-382-8035,838112,17
475-34-1279,Alanna Verralls,37862 Dakota Street,142-786-8619,763850,66
331-41-5158,Mendel Cristoforetti,36 Havey Drive,875-701-6424,992699,82
639-50-3918,Minor Broxup,0236 Killdeer Avenue,189-667-5933,516899,6
764-15-5344,Sanderson Dahlbom,683 South Lane,321-215-8811,778400,31
391-31-4683,Bartlett Mattea,9 Kedzie Park,409-958-3049,290190,1
449-16-3990,Cosetta Mealand,484 Morning Alley,324-410-7497,369036,45
244-78-4852,Jenifer Bolderson,0412 Northview Drive,161-292-3692,355769,47
150-57-0620,Ofella Ossipenko,073 Village Green Crossing,441-970-7102,640257,80
872-79-4204,Michel Woolmington,4715 Fisk Place,700-460-9963,988249,62
219-41-5075,Cristobal Howsam,749 Main Junction,906-539-5614,620652,90
471-74-1408,Josefina Pepper,170 Melrose Alley,490-158-9631,434436,9
533-88-9280,Padriac Huc,19190 Cody Plaza,385-542-9758,293554,43
250-97-2970,Tuck Ivie,791 Manitowish Alley,186-873-7687,475554,8
751-06-1342,Waly Teece,3310 Randy Junction,754-884-4924,376521,12
161-74-6659,Alisa Jerrim,2 Tomscot Lane,912-378-4694,701299,29
514-33-1364,Erhart Michele,089 Wayridge Court,487-539-5344,958789,23
676-73-4613,Thaine Mintram,6 Randy Street,692-891-2414,547013,94
639-83-5820,Graham Astill,55120 Dexter Plaza,155-925-6806,215216,67
336-07-1343,Quintilla Ghidoni,30672 Clemons Avenue,873-730-6565,283346,45
467-43-8002,Joella Harbron,4944 Lunder Terrace,292-284-0090,181259,31
260-27-9452,Krispin Siddens,5 Independence Road,704-791-9326,877949,80
373-50-1029,Teri Colborn,5 Lunder Court,830-801-3408,834301,85
687-97-8899,Terrie Farherty,742 Hayes Junction,740-390-1148,436085,99
277-92-7343,Jere Worthington,1139 Crest Line Park,508-805-1150,492727,20
629-72-7485,Enrika Attock,8075 Hauk Court,505-532-9151,477167,98
179-64-9751,Tallie Rosberg,0261 Ludington Crossing,330-978-9391,842294,54
268-36-1553,Cecilla Haswall,8651 Rockefeller Drive,275-531-7522,657606,40
219-45-1191,Constantine Bedminster,7730 Schiller Terrace,912-266-7349,440811,45
812-43-1389,Wendeline Blewis,01 Brentwood Center,296-518-7897,204538,68
786-99-5431,Julie Craisford,585 Kinsman Circle,777-830-4760,863181,44
795-98-8022,Nananne Ellington,16 Lotheville Trail,195-960-7743,573486,47
606-69-6153,Wilie Ockleshaw,01 Summerview Drive,426-836-8099,478292,1
279-47-1825,Pepi Mallabon,63 Doe Crossing Junction,136-583-0533,844865,34
889-21-9916,Lanni Laviste,69 Luster Pass,230-795-2160,552215,34
783-70-3100,Chery Jacobowicz,92683 Eagan Point,576-766-7035,891453,82
414-72-8285,Orion Johannes,8 Becker Lane,707-515-9953,502846,90
516-25-4368,Ameline Winston,44663 Arapahoe Parkway,573-782-1114,299325,31
607-33-0647,Coralyn Pappin,1 Rieder Circle,923-604-8138,255089,12
855-83-2732,Gardiner Elphick,013 Mitchell Plaza,302-393-2445,663157,88
752-79-0977,Conny Pargiter,4535 La Follette Park,592-308-3850,225900,12
498-79-2897,Cullin Wickman,1607 Elka Crossing,982-219-3295,654709,74
505-58-8306,Julee Mochan,65804 Annamark Crossing,793-568-0265,342831,80
321-76-6170,Elyssa Asprey,17 Maryland Court,862-615-0548,308168,69
755-04-5076,Sileas McFee,8 Merry Hill,747-292-2525,536916,24
658-47-7929,Dodie Maskrey,82407 Memorial Junction,387-330-1567,459877,58
704-27-0956,Wolfgang FitzAlan,8346 Debra Way,541-374-3700,346471,56
226-42-2341,Dion Simmens,306 Clemons Park,713-332-8814,637482,85
705-38-8542,Edward Sallenger,61951 Talmadge Avenue,676-318-9884,158545,93
170-80-4398,Daffie Dymidowski,5647 Monterey Terrace,790-858-8834,916508,10
376-44-0819,Ynes Moresby,551 Dexter Street,357-716-1969,493976,25
819-76-9250,Lilias Eyres,414 Fair Oaks Drive,431-211-3256,665566,64
556-43-0528,Inger Sainsbury-Brown,0 Dennis Terrace,210-477-6950,442321,93
181-48-7598,Tiffy Renackowna,7 Havey Pass,470-785-1290,461678,32
187-88-5885,Brigham Marklund,5 Shelley Street,681-474-0816,690860,24
553-88-6959,Gwenny Tow,9 Transport Pass,370-236-9712,728576,85
393-13-1155,Matthieu Sargent,5854 Rowland Point,635-574-4062,884942,66
183-88-3695,Maggy Attiwill,266 Bartillon Plaza,113-935-5159,397563,68
210-65-4460,Maude Schiesterl,9 Morningstar Center,658-410-7190,193028,51
872-50-7685,Devinne Giacaponi,31052 American Ash Parkway,557-632-8040,366132,67
708-52-2945,Kyle Hazelton,5 Eliot Avenue,166-718-3766,879061,95
454-39-6562,Filbert Snell,81 Ilene Crossing,898-968-1925,142836,86
239-18-3663,Kelly Thornewill,246 Loeprich Plaza,784-579-4618,212868,18
504-36-4446,Kippar Costain,2213 Towne Road,216-428-0422,760992,22
477-33-8109,Elroy MacGray,058 Mcbride Circle,277-932-9989,379476,67
675-68-7376,Loretta Jeste,5862 Mcguire Place,405-360-4327,575734,44
397-56-5782,Demetrius Cordery,63404 Towne Pass,631-661-9363,961442,46
103-16-1964,Cleo Domelaw,2472 New Castle Park,809-476-9282,529332,61
253-40-4800,Alyosha Gilcrist,705 American Drive,413-389-4345,833217,71
533-82-0051,Maureene Johann,78243 Merchant Center,581-396-2182,372863,23
556-60-5405,Leonora Bulluck,69 Green Ridge Plaza,664-770-6556,982879,24
605-11-9856,Roderich Antham,2 Dakota Center,424-994-9807,369190,89
363-83-7603,Natasha Coton,92806 Barby Hill,357-228-9732,719221,15
171-16-9897,Hamel Summerly,9926 Columbus Center,411-122-4077,484112,7
338-90-8782,Maure Brisland,6965 Mcguire Alley,957-314-5653,526994,69
188-38-3522,Clint McDonald,76 Hudson Lane,552-106-6406,689182,8
711-74-7857,Leontyne Sterland,88 Talmadge Avenue,183-762-7597,531126,73
755-53-8714,Eirena McCadden,067 Talmadge Lane,707-288-0022,117383,20
617-16-5374,Myrle Toe,7 Almo Place,708-653-1597,154823,92
228-22-7352,Annadiane Haggus,41790 Oak Valley Terrace,563-801-6747,131079,22
877-56-7009,Dick Coatman,825 Monterey Terrace,281-383-9936,218882,8
395-57-7223,Madelle Aronovitz,73204 Wayridge Plaza,468-611-6158,737475,97
610-84-7778,Mel Hadkins,4 Delladonna Terrace,722-652-8415,242046,68
193-75-5474,Ancell Lidgey,929 Hanover Court,194-165-0593,871208,36
316-13-6095,Hugues Walrond,5 Hooker Street,453-496-5554,924231,83
123-83-0529,Helene Aldridge,34152 Debra Point,723-783-0378,386691,57
752-97-9672,Earl Grady,285 Roxbury Place,690-622-9339,369346,70
304-28-0932,Jdavie O'Hartagan,04 Ludington Court,126-641-3489,999191,53
155-40-7234,Hercule Weinberg,187 Porter Alley,963-139-8211,923124,79
498-20-8859,Lidia Eskriett,35 Bartillon Avenue,749-455-2553,904514,2
677-07-8216,Enrico Agron,6 Kings Parkway,588-464-9818,163366,23
598-76-2134,Zorina Glasser,95908 Oriole Parkway,109-642-4299,422960,99
225-62-7278,Delcina Brakespear,0737 Hanson Place,753-337-2602,529809,59
780-46-3476,Rubi Pottberry,1508 Heffernan Pass,225-251-9809,454156,9
557-13-5418,Rozina Causley,89625 Longview Place,891-788-8831,449754,44
819-03-9277,Emlyn Bootell,544 Graceland Park,511-259-9847,811135,38
224-89-4697,Bernadine Kent,08 Homewood Road,906-914-8508,757875,7
456-56-3812,Wallas Brignall,340 American Ash Alley,626-979-2537,951265,34
683-11-1441,Coralyn Caddell,83 Sage Trail,873-393-4977,452494,88
300-63-8232,Elnar Teodoro,27859 Oriole Street,865-485-2666,132745,83
790-55-8879,Hymie Klain,51 Eagan Alley,784-328-6738,908620,32
104-01-8835,Reine Urvoy,14222 Barby Road,524-650-2440,349765,25
513-72-4772,Yorgo Heap,241 Jay Terrace,250-799-4420,530733,100
809-47-4676,Chester Yerbury,3143 Hauk Crossing,408-232-4665,105979,2
282-75-8449,Darrick Loody,154 Orin Lane,129-557-3827,152781,70
626-80-6600,Kristoforo O'Heyne,59 Jenifer Plaza,419-925-1875,381525,92
500-84-0820,Rosina Pawfoot,6 Old Gate Lane,361-455-0954,307562,59
121-14-0496,Michelina Muffett,080 Scofield Hill,888-238-2810,601932,64
613-90-3138,Benedetta Benam,80123 Oak Court,647-574-4947,491898,11
798-51-8863,Noami Beccera,46 Valley Edge Way,927-724-6308,618976,63
707-88-5316,Aluino Ximenez,80177 Bowman Parkway,395-159-7491,452062,36
277-48-8668,Myles Chapell,21961 Granby Street,102-717-2557,539621,52
202-15-4762,Vanny Reignould,788 Lakeland Court,859-554-4948,104611,97
257-75-1029,Maurits Ballendine,320 Superior Street,270-363-2870,100404,7
482-26-9443,Tull Tubbles,9 Veith Park,320-757-9229,625649,99
364-50-8938,Lenci Lewsey,6 Menomonie Plaza,435-877-3206,809113,15
203-84-8576,Archibald Carrier,0 Utah Road,999-268-6698,194713,96
153-21-4952,Seumas Brise,72 Lawn Parkway,784-325-8100,452512,79
785-25-8427,Phip Dacca,77535 Summer Ridge Pass,197-762-2079,996547,78
408-19-5704,Erwin Haythorne,25 Londonderry Court,965-127-4580,379576,37
109-65-1710,Chandra Desouza,9 Killdeer Pass,376-945-9059,654751,66
236-89-0898,Meridel Petrescu,6653 Sloan Plaza,871-719-7397,902812,40
150-25-5831,Kriste Marsay,59 International Street,253-784-1568,264824,94
594-15-5497,Millie Marousek,84 Melvin Terrace,493-392-2521,542063,83
330-27-9817,Adelaida Menicomb,7705 Briar Crest Hill,676-268-4406,550359,94
452-70-1330,Jocelyn Catonne,917 Kings Center,549-637-8230,608245,57
350-26-0964,Nadia Petegree,0 Steensland Park,156-619-5578,121306,85
119-93-4835,Nat Farrens,6941 Oak Plaza,291-489-8723,133294,13
617-61-5646,Ernesto Learoyde,467 Di Loreto Center,280-512-2081,659133,46
733-90-6191,Domenic MacDearmont,58776 Swallow Drive,765-649-8880,172851,48
537-59-6562,Doralyn Bucke,585 Dexter Drive,430-227-1029,291050,86
171-56-0600,Opaline Brandon,023 Merchant Alley,189-586-2165,799683,69
164-43-5806,Marlin Yeomans,1 Maple Parkway,842-727-9528,835418,1
459-33-3456,David Sumnall,8 Oak Valley Point,383-704-1595,333589,29
470-71-0813,Pearce MacEvilly,302 Hooker Crossing,655-445-7689,591342,81
165-26-2646,Marv Lubbock,54356 Lukken Place,784-203-2662,939506,63
744-90-0019,Patin Bramhall,297 Hoffman Court,318-398-2055,457634,64
621-90-6264,Clemmie Arnott,26300 Lake View Hill,814-688-3714,279219,3
714-02-7396,Monti Cordero,771 Dapin Trail,283-930-7290,942386,46
388-78-2153,Christine Harpham,43382 Schiller Point,405-995-4549,116199,82
486-74-3399,Kelbee Casse,8 Mayer Road,761-511-9146,838502,98
243-91-7306,Alexandrina Marginson,75 Crowley Plaza,443-605-5312,668200,26
486-93-9695,Harriot Androsik,45319 Pleasure Drive,775-221-2493,292812,94
340-07-9858,Anabal Spurman,804 Village Point,197-555-9188,118869,19
386-25-4320,Inessa Jessopp,12445 Delaware Place,447-312-8807,455660,56
664-06-8692,Marsha Sandercock,57979 Emmet Road,627-766-8820,390019,20
512-66-9604,Lorianne Hildred,4085 Fremont Lane,476-776-8782,814684,29
668-64-9628,Mala Bartkiewicz,646 Forest Road,203-871-8320,187736,14
429-35-0468,Angelico Filippucci,0 Blue Bill Park Trail,507-801-2946,403886,47
618-52-7728,Oren Shearman,12606 Lerdahl Avenue,308-612-5299,226251,83
886-42-5159,Maighdiln Mathivat,4673 Bartelt Lane,550-817-3952,882181,42
246-13-9080,Bill Fleming,64843 Continental Terrace,440-533-4539,548097,74
377-18-2405,Gard Korb,9 American Ash Trail,592-158-1910,747989,74
709-93-2762,Mitchel Bernardeau,4 Dottie Place,941-416-3335,235918,5
860-34-9718,Chevy Benford,49291 Myrtle Alley,159-773-2746,586034,2
479-74-6570,Kleon Wimlet,15392 American Street,137-584-5644,669398,29
482-38-0735,Elsie Blatherwick,450 Algoma Plaza,504-729-2852,733692,71
676-51-6804,Curtis McTurlough,58954 Monica Alley,937-258-0577,851366,95
190-63-9200,Quincey Liddell,01 Glacier Hill Place,507-719-4188,401366,89
729-39-6570,Rania McBrearty,2165 Daystar Junction,989-503-4458,708074,10
661-51-4435,Essa Frunks,7 Mandrake Alley,505-366-6166,252921,6
721-60-7921,Kristin Sunners,49 Summerview Way,258-120-3890,764583,18
386-06-9313,Lenna Addyman,3 Kedzie Alley,621-860-2164,478141,46
270-59-4878,Giffy Alsop,6450 Eggendart Plaza,568-690-0880,626009,76
638-07-0950,Torrin Benkin,60 Swallow Plaza,740-108-2014,182243,70
170-60-8590,Hermy Yarrington,56412 Packers Street,207-977-1399,555927,93
319-33-4555,Gerti Jaycocks,02 Hoffman Point,792-500-3748,206950,36
695-33-1256,Ajay Lowten,81 Old Shore Terrace,684-451-6586,773604,28
261-20-4873,Natty Anan,97 Vermont Parkway,945-495-1718,752363,18
538-80-4009,Naomi Dowle,548 Summit Drive,769-489-4912,685491,36
473-06-0166,Darnall Jasiak,4802 Anniversary Court,367-610-0907,291476,31
254-61-3718,Henrieta Crisell,35540 Anthes Circle,575-575-7891,339345,98
450-20-0438,Nicolis Escudier,3893 Jay Way,120-698-1859,663115,2
882-42-8387,Jo ann Greggs,16 Bonner Drive,579-580-5858,248257,44
748-30-3353,Eugine Fellos,4834 Westport Center,374-579-3397,425783,98
522-31-6038,Jenda Verheijden,53 Pleasure Parkway,321-430-4116,683589,77
293-04-2803,Margarita Carlozzi,78929 Granby Park,218-947-5875,708746,78
248-84-4883,Lurleen Gabbot,5444 Petterle Junction,601-833-6619,825771,19
700-30-0365,Lawry Wilprecht,0829 Fallview Drive,871-757-0667,672567,18
417-82-0380,Xena Blakes,3 Nevada Parkway,395-953-6712,113650,18
667-79-0078,Raven Willoughby,4884 Mayer Place,195-165-1940,921238,39
802-39-0191,Addie Salatino,414 Amoth Center,902-650-3631,635200,12
166-12-3910,Rurik Baggott,6 Donald Street,472-256-8228,273790,29
606-42-8387,Annice Wayne,7651 Fulton Trail,825-151-5800,236594,44
687-46-8390,Salome Thandi,65866 Glacier Hill Place,808-369-7550,571448,12
852-35-1571,Cherice Ketchen,5 Westerfield Street,229-424-4723,950471,64
346-89-2994,Juana Baldocci,345 Charing Cross Trail,241-757-9050,783847,71
727-57-1919,Kirby Vanner,7826 Sherman Crossing,633-725-8598,849586,9
561-41-8682,Lissie Durrand,90568 Rowland Lane,770-893-6681,901033,85
480-75-8167,Art Peter,2052 Stone Corner Street,399-425-9969,807339,92
677-63-3788,Estell Mellhuish,899 Commercial Way,581-202-8564,406519,86
665-45-1846,Hadleigh McAloren,7 Fairfield Road,844-336-9477,581972,54
547-14-7616,Kerri Labbez,3482 Service Street,835-232-5196,893849,2
219-53-5828,Darb Snowman,4 Caliangt Terrace,167-828-4552,151067,21
178-10-4674,Artemus Jervis,7 Dahle Center,136-970-6964,168489,59
236-86-4724,Aldus Hammor,0 Kennedy Alley,454-650-1169,328132,57
384-28-3938,Enrika Coxhead,43 Maywood Center,136-151-8414,348195,36
179-01-3010,Deva Medler,45 Evergreen Crossing,435-184-6017,791247,26
752-77-4954,Parnell Casari,18 Westerfield Center,460-422-0351,626253,76
225-72-0476,Alexa Cookson,86482 Gateway Drive,218-776-2651,459548,63
822-80-8375,Stinky Kubu,1769 Linden Hill,647-239-9062,554247,21
187-31-7915,Julia Leneve,30740 Sommers Way,474-392-4244,357033,94
453-50-1557,Jayme Signori,56 Village Green Junction,469-899-8207,349468,6
888-94-2915,Diana Barnes,13860 Briar Crest Lane,764-427-4758,348369,16
101-34-6380,Kipp Ciric,01 Vermont Place,498-849-7236,587407,44
126-22-0866,Bamby Wordington,8 Oriole Lane,279-525-9026,925110,59
612-48-3794,Bartolomeo Waghorn,84 Oxford Crossing,634-453-6800,753764,53
442-38-7825,Craggy Antalffy,4 Namekagon Lane,687-475-6111,315751,30
827-87-2539,Martino Faunch,63 Chive Lane,782-991-0119,751733,99
314-56-9391,Karissa McNeill,9436 Harper Crossing,399-803-1846,156763,80
539-73-8492,Jaclin Colrein,9 Monterey Drive,634-236-6153,600067,46
504-01-7248,Tonya Dallas,1488 Farwell Point,326-887-2875,984813,94
411-36-8384,Datha Flowers,7957 Mendota Center,242-503-4095,335076,95
189-55-5437,Bennett McKinna,8524 Fordem Parkway,338-900-3632,493896,26
281-99-0210,Bambie Manger,70 Huxley Circle,595-258-2209,903967,63
123-46-5735,Aurthur Bamlet,08192 Anzinger Plaza,546-950-2770,559749,42
851-56-0504,Rutledge Towers,159 Sunfield Circle,577-470-0096,887689,30
871-17-3951,Cherrita Frankom,980 Kinsman Alley,774-211-8559,925435,74
783-58-8049,Kendre Rosetti,4844 Fieldstone Way,373-792-7076,305860,53
306-92-5681,Quillan Pomphrey,9928 Sycamore Street,437-308-4848,164430,8
220-78-9278,Baryram Teall,39 La Follette Alley,664-118-1594,628278,91
420-40-0190,Crystal Baseley,1 Miller Drive,280-390-0992,885083,68
110-28-3575,Nedi Aristide,8 Havey Point,452-291-4158,830175,21
499-28-4571,Chester Hartle,045 Hoffman Plaza,122-972-4686,626663,83
736-49-3332,Gaynor Fierro,6100 Dahle Trail,455-424-4311,715817,98
319-79-7406,Gilles Le febre,05940 Lunder Drive,591-439-1057,940619,5
879-05-4701,Kipper MacCall,5 Rowland Lane,173-939-8683,196605,14
846-09-1800,Wainwright Moen,2057 Oakridge Junction,782-101-0243,490023,75
272-85-6707,Koressa Buxton,965 Fieldstone Plaza,915-790-9687,233105,21
472-02-8506,Chris Dorrell,9 Grasskamp Park,593-319-7384,794484,39
658-58-9612,Caril Capon,276 Northview Lane,804-529-2589,452489,52
827-48-3136,Micheil Maslen,60369 Tennessee Junction,202-857-5606,990357,11
546-58-3415,Ferdy Winridge,0506 Donald Circle,464-247-9496,951185,46
611-54-8381,Xaviera Moffatt,62666 Anniversary Plaza,968-190-0011,868817,80
124-27-4746,Barnabas Flory,771 Nancy Hill,933-386-9357,448917,20
661-43-2960,Odetta Fairnie,718 Forest Parkway,562-813-4779,126013,74
486-07-3554,Anderson Grenfell,6625 Riverside Hill,151-444-5157,830254,90
710-58-0469,Lennie Creer,72 Derek Park,165-836-8794,355003,27
470-26-0096,Josephina Nance,4943 Almo Plaza,827-311-1469,402056,42
617-18-2740,Babette Nind,6 Bayside Plaza,919-887-6844,648607,90
314-97-5931,Jaclin Perutto,8 Del Mar Court,658-479-2600,191744,87
555-98-0231,Alessandra Scandroot,658 Warner Park,693-447-2070,992131,25
221-84-2855,Ellerey Cornau,92 Straubel Point,211-896-3951,518567,22
479-59-6349,Yancy Crumpe,768 Jenna Parkway,566-666-1866,387833,69
805-18-0241,Desmond Sterndale,202 Ludington Court,242-684-7673,466564,12
776-31-7188,Winnie O'Fearguise,3 Little Fleur Circle,706-423-9975,669918,36
694-32-3804,Shalne Aggiss,194 Reinke Pass,505-844-6894,968723,10
284-32-0592,Karyl Renish,466 Reinke Place,126-237-4857,568917,95
651-25-7990,Lemmy Sarrell,4194 Comanche Trail,436-578-4920,994833,59
310-93-5608,Marnia Blain,585 Weeping Birch Drive,353-981-4723,597865,78
162-22-6158,Tania Kenney,7 Cascade Hill,162-913-3768,361221,81
226-71-2989,Haskel Mainson,9 Thompson Drive,530-944-9998,796003,92
218-49-4361,Jan Glassopp,62 Cardinal Road,741-596-8293,146587,7
742-99-3214,Way Fitzsimmons,45901 Judy Crossing,777-991-7050,694176,5
791-09-0233,Winny Nudds,804 Northfield Court,149-113-7814,937230,88
834-82-7510,Damita Beattie,58 Vermont Terrace,799-824-2668,675766,85
536-81-2337,Andre Larman,98948 Blue Bill Park Crossing,360-560-5228,992041,22
173-70-9342,Renado Faughey,289 Hudson Road,729-294-8896,364187,40
257-32-2074,Haily Rintoul,293 Myrtle Trail,988-914-5685,649540,51
530-10-5647,Edithe Catenot,181 Commercial Avenue,287-320-8341,564104,41
326-88-2930,Gery Lesmonde,30 Independence Pass,266-109-4942,897166,54
209-84-5629,Frasquito Powell,19 Manley Point,306-982-2438,330298,80
556-85-8524,Gwenni Blake,7 Weeping Birch Crossing,574-201-5191,687345,15
266-43-0263,Corrie Defraine,661 Brown Lane,667-417-8991,482103,79
689-21-6566,Artus Fliege,60018 International Lane,433-767-8119,776217,50
811-84-5998,Rip Pheasant,09491 Goodland Lane,557-253-8421,114017,71
258-71-4405,Florenza Dmitrovic,8 Westridge Circle,689-885-6538,452811,43
551-82-8808,Carney Marchello,82 Annamark Point,832-764-2550,400243,30
495-79-4604,Pepita Fazan,26773 Myrtle Trail,764-257-5088,803941,87
583-56-1884,Jourdain Leel,84 Florence Parkway,435-226-0470,819674,88
116-36-3248,Mada Klaff,4 Marcy Park,220-851-4837,218341,35
678-88-5088,Janice de Courcey,442 Ramsey Avenue,557-986-1574,900872,45
705-13-1332,Coriss Jandel,28 Redwing Trail,459-923-5541,507799,54
436-39-5437,Cary Fuke,7100 Reinke Road,613-327-9384,292668,46
178-59-2781,Berti Reddick,8 Anzinger Drive,883-342-8117,905064,48
753-32-3569,Rorke Di Maggio,87 Fallview Park,469-758-5321,397192,86
880-94-2299,Allina Corse,06216 Bonner Alley,136-651-5485,615596,93
877-06-8036,Buiron Zapater,0880 Briar Crest Pass,395-899-8910,887768,72
810-68-0178,Judon Philipet,646 Hudson Trail,661-237-9028,559766,17
700-46-6645,Robinetta Lisett,5163 American Ash Avenue,140-552-9755,215537,15
523-15-5164,Gussi Casale,5869 Sutherland Drive,617-288-6123,717123,59
779-85-5230,Marcelline Dempster,68 Hanover Place,963-965-5090,926602,94
297-19-4735,Lauretta Burles,13075 Warbler Pass,316-654-2197,896092,98
204-17-2929,Garey Wasteney,543 Dakota Crossing,518-713-2200,134476,11
461-39-8729,Kassia Vasilchikov,11412 Harbort Street,571-952-4874,754084,34
500-12-4326,Graig Tregona,73908 Fulton Point,475-456-1873,827243,76
755-13-9481,Miriam Mocher,2 Veith Terrace,368-296-8805,940581,67
199-53-0968,Valeria Slopier,7034 Arrowood Avenue,400-528-7044,810752,84
518-80-0970,Vi Prandin,00373 La Follette Junction,505-346-2843,369053,22
675-12-2670,Lorraine O'Donnell,05825 Corben Alley,836-150-9801,898869,78
464-04-9882,Raquel Camilio,2566 Huxley Way,587-619-2957,681240,70
684-95-1408,Saxon Janks,58713 Doe Crossing Road,881-384-8070,301663,100
876-66-7872,Hervey Sacks,57 North Park,767-733-2822,232243,25
518-25-0034,Ax Thomelin,6 Lakeland Center,135-597-4362,539665,70
425-67-4082,Matthew Jans,04977 Mcbride Circle,144-936-9782,405562,100
661-15-3798,Marcellus Felgate,27 Eastlawn Parkway,270-337-8412,763525,94
597-42-5496,Kienan Cridlon,805 Crest Line Crossing,575-495-7423,886601,64
554-28-2579,Andromache MacShane,940 Westend Center,690-758-8433,289865,55
785-43-0973,Corinna Dyble,93 Acker Parkway,852-161-2060,500017,52
888-52-7112,Jannelle Hacon,689 Mosinee Crossing,784-333-1682,833953,29
653-13-6209,Wendye Hattiff,20 Onsgard Park,373-802-8029,452887,8
330-64-3938,Sauveur Jaeggi,08506 Sauthoff Point,435-287-2647,473344,14
543-94-1218,Cassy Shillom,497 Independence Road,694-419-6752,597180,96
431-42-8640,Katrinka Hiddsley,2 Sherman Terrace,311-686-7270,743811,67
217-16-2543,Andie D'Ambrosi,973 Bluejay Way,724-685-7509,812997,36
475-60-3598,Noella Spreag,255 David Drive,624-800-0144,544156,65
500-67-3209,Corrianne Foran,698 Village Green Way,785-398-2163,224809,90
152-96-0557,Dodi D'Abbot-Doyle,4306 Delladonna Junction,545-193-6762,584922,50
505-56-3360,Sullivan Morewood,7 Westport Junction,541-182-1011,218523,3
668-51-2787,Phaedra Day,7582 Messerschmidt Plaza,796-373-6913,532454,31
422-74-7685,Jerrilee Pavlata,95 Superior Pass,555-890-2240,979141,57
887-23-7011,Arny MacCrosson,2 Iowa Road,303-372-2388,355144,69
484-38-2833,Jenn Mathissen,7334 Welch Center,624-728-6499,159405,65
808-29-7153,Catherina Borrows,7 Little Fleur Point,936-387-9613,399513,4
745-17-9823,Rozanna Gives,7 Veith Drive,797-374-6340,147609,31
432-55-4860,Nil Lincoln,221 Dennis Terrace,905-148-3295,921336,93
103-82-6341,Kale Garaway,96871 Forest Dale Place,331-421-1719,238357,69
395-63-9768,Osbourne Zienkiewicz,77003 Eagle Crest Street,334-161-3243,634728,28
890-31-1399,Ki Imrie,50506 Hayes Pass,442-710-9711,468297,25
702-58-7484,Clerc Beville,7529 Manufacturers Place,189-612-3074,337349,32
770-57-4955,Juanita Deevey,11 Rieder Pass,289-369-5610,193097,73
177-12-8396,Gisela Slowley,9599 Golf View Center,639-361-0142,763917,64
645-10-2219,Corrinne Dockerty,583 Browning Parkway,843-394-4873,549149,23
556-87-2838,Alphard Pourvoieur,57 Crowley Road,466-524-3017,571719,39
394-28-3901,Alyce Smalman,56 Hintze Terrace,723-402-0240,329268,51
829-21-8933,Malynda Kief,26858 East Plaza,564-196-9750,123474,11
806-19-9936,Fanya Villa,291 South Crossing,691-563-6500,711513,63
832-01-4729,Eddy Cawthry,17023 East Court,748-267-6062,835376,38
742-52-4169,Cicely Rudgley,3 Farragut Alley,603-325-4487,968011,54
135-74-8334,Erina Pendle,22 Loeprich Court,357-744-9798,774276,96
878-25-3102,Kendall Kite,5 David Court,138-424-9494,986019,18
293-55-6474,Jasmin Blamire,495 Kinsman Terrace,359-386-7810,736751,91
312-64-5541,Kamila Snow,72799 Eggendart Pass,353-396-7934,728475,57
607-70-4612,Niccolo Penniall,99802 Knutson Trail,714-170-2821,835188,71
614-55-4424,Feliks Korous,04333 Marquette Way,633-179-1452,190369,41
291-20-5847,Lexy Springell,95 Lakeland Park,842-971-1670,493138,38
671-84-1242,Kathlin Najara,64 Clyde Gallagher Park,858-828-6302,167577,98
330-99-8111,Audrye Ucceli,772 High Crossing Way,538-765-8254,161653,39
225-76-6305,Paola Chaundy,4452 Nobel Point,405-662-2394,706199,6
161-46-0294,Holly Streeten,869 Service Lane,229-737-1807,905820,61
522-79-4162,Delano Metheringham,171 Anniversary Point,842-694-8885,780417,65
378-60-2301,Sherill Sperski,40688 Vidon Crossing,780-310-3917,486699,86
687-20-0160,Hayden Dollar,989 Sundown Road,137-175-0140,256675,29
263-39-0197,Janos Pagelsen,505 Delaware Alley,438-193-1989,402273,23
574-95-5193,Rivkah Rangeley,671 Maywood Terrace,289-810-4442,476844,52
155-82-9269,Koral Dornin,85 Union Crossing,693-920-8757,215862,29
788-16-9577,Madlen Hedney,75 Carpenter Drive,493-684-1817,628383,72
338-14-4894,Moises Stolli,613 Jana Parkway,199-577-6286,298240,8
558-07-2871,Orv Fishleigh,0471 Mosinee Park,962-667-5910,736853,77
195-77-2863,Felita Aubry,94 Bashford Lane,266-629-0638,721558,68
410-26-2006,Amargo Le febre,061 Transport Hill,126-475-8933,487433,65
895-43-7667,Roxanna Stiebler,519 Meadow Valley Avenue,743-459-7967,457264,3
302-08-7113,Hortense Usmar,92 Tennessee Court,908-233-4632,612857,91
271-18-5144,Marthe Rootham,9476 Bayside Plaza,502-364-7292,750379,21
528-87-8068,Chev Todhunter,9348 Milwaukee Center,655-342-9321,835652,61
162-21-3882,Debbie Pallaske,96596 Schurz Street,202-174-8865,463478,70
183-77-1783,Elaina June,9 Mitchell Drive,413-559-9090,428849,50
731-57-0019,Luisa Wintersgill,008 Carioca Drive,968-485-4366,811531,50
520-87-8515,Isidora Jellard,46305 Pearson Plaza,586-380-0388,196628,71
223-29-2837,Henry Burris,53987 Kipling Center,642-602-8447,145289,97
312-66-3414,Jecho Adelman,42 Red Cloud Street,435-233-2828,811558,15
786-28-5722,Cornelle De Filippo,35158 Ridge Oak Crossing,808-841-3176,585438,43
488-52-5538,Mic Welband,97710 Oak Crossing,908-174-6528,825524,10
268-47-8569,Panchito Keford,032 Hazelcrest Parkway,662-801-9527,649730,99
687-14-7533,Katharine Revie,0162 Huxley Point,446-377-0955,143533,4
369-10-6476,May Machans,5391 Pearson Park,181-523-2188,733271,8
364-83-6180,Franky Ridder,8 Mallard Alley,830-865-9182,188424,65
225-06-9109,Emlynn Rushforth,20 Pine View Street,641-233-9769,307574,65
219-40-1399,Trudey Tregidga,1 David Pass,994-188-7368,623937,68
640-69-0847,Jessey Creus,49 Johnson Parkway,953-111-2436,260104,51
692-22-9750,Binky Diglin,5489 Sauthoff Plaza,331-404-8347,177443,81
448-43-1669,Nikolia Stobbes,788 Dakota Point,499-197-7234,932602,51
777-18-8169,Camala Blincko,83 Wayridge Road,177-486-1090,238677,90
424-04-2731,Cosetta Burland,6 Independence Court,421-291-5581,396461,100
380-24-4347,Frank Schwandt,045 Gale Avenue,851-126-1872,774926,35
446-64-0161,Georgena Horlick,88754 Corben Pass,358-970-8286,907933,23
742-78-1071,Barrie Hendrickx,806 Randy Court,543-258-5101,153789,97
674-18-5670,Ethelyn Laflin,9 Dennis Junction,462-919-1263,933693,2
628-14-2347,Corissa Whyborne,6705 Old Shore Terrace,378-215-1049,585809,36
341-60-7823,Goraud O'Deegan,07150 Brown Trail,181-209-5858,493174,7
596-94-6937,Orin Aisthorpe,51143 Fremont Street,877-425-8334,200735,20
403-06-9974,Frederick Topp,13090 Portage Avenue,208-649-7956,417331,9
551-34-5087,Greer Eltun,339 Lighthouse Bay Circle,945-302-3875,572022,100
545-59-1281,Clay de Merida,442 Jackson Court,414-716-4934,800514,3
295-97-2128,Katalin Hailes,65 Rutledge Alley,630-314-3577,603891,23
806-99-0545,Vern O'Hallagan,92 Amoth Drive,411-508-8878,412776,53
402-77-7311,Zea Danher,34 Orin Junction,203-449-1105,531949,35
280-83-9977,Milissent Pashe,0 Leroy Drive,295-697-0223,752279,80
197-21-4632,Russell Cordero,95 Merchant Circle,802-680-5416,175701,90
236-67-9127,Lockwood Osban,213 Kenwood Trail,414-992-6765,281851,42
175-11-6511,Willy Clarae,6261 Fair Oaks Court,680-598-0171,284133,39
134-03-8278,Lillian Hews,58 Atwood Terrace,836-443-6193,358592,56
414-03-8620,Marlin Grimmer,594 Boyd Drive,939-944-5669,400700,4
298-23-7739,Katine Olyonov,050 Elgar Way,247-485-0568,550524,24
480-06-1579,Gayle Wadwell,737 American Parkway,662-671-9123,810152,64
738-47-8600,Regan Acom,09670 Vidon Junction,185-105-5905,918788,61
696-82-5541,Niko Tesche,0 Holy Cross Pass,426-262-4525,307946,5
456-44-6934,Henrieta Dosedale,24273 Forest Dale Way,260-172-7757,863057,52
343-19-0001,Milty MacCaig,1957 Maple Terrace,204-228-3499,551508,83
163-82-9537,Marlee Gorrick,292 Prairieview Circle,846-135-7821,767774,75
764-90-7624,Fleur Pearmine,499 Marquette Pass,995-316-6484,136688,57
239-12-1405,Wye Turville,52 Bunker Hill Avenue,681-159-4364,203013,82
673-58-1470,Malory Whitsun,1489 Summer Ridge Hill,702-304-6125,147467,67
798-92-5146,Katine Avery,696 4th Place,486-986-1890,921344,73
366-94-3977,Mayne Kenway,5 Texas Terrace,853-473-9423,414662,49
556-97-5823,Haskell Somerscales,80943 Darwin Street,926-880-4270,269427,29
739-35-1140,Monah Gossan,1 Elmside Point,650-832-3122,778398,64
652-93-8431,Benedict Beri,1322 Barnett Court,610-204-7166,984739,43
163-68-3700,Ricoriki Coole,444 8th Circle,364-840-2594,658375,5
557-20-5767,Eleonore Duncklee,9 Washington Avenue,359-309-7126,486917,87
542-32-1875,Cull Vernazza,3 Hovde Junction,319-561-2328,952982,42
769-32-6981,Faulkner Caldero,346 Lawn Crossing,471-938-7319,889261,56
523-38-2229,Modesty Doree,54946 Old Gate Park,709-731-7402,697929,6
211-96-0442,Jayme Ivashchenko,7544 Bluestem Circle,655-984-3945,307466,24
267-14-4987,Ewart Presho,5185 Dennis Lane,214-204-2810,561837,2
145-36-0622,Ailyn Goalby,41245 Maple Court,813-537-2670,886003,75
801-31-5572,Cale Docwra,212 Esker Way,118-670-2176,578566,38
309-77-8675,Cass Meldon,800 Grayhawk Plaza,121-190-4054,875974,34
665-96-2856,Berne Geerdts,43 Sauthoff Point,292-268-0308,672458,55
154-14-1625,Dew Kobke,37651 Banding Circle,607-733-4059,591700,62
353-31-0036,Wini Vequaud,2 Oakridge Point,877-856-2711,813905,87
210-66-8866,Portia Champkins,13615 Comanche Parkway,876-346-6528,324188,3
492-30-2647,Timofei Mayall,90415 Nancy Lane,171-987-2795,403509,81
495-60-8129,Goldie Shipman,16815 Meadow Ridge Park,613-392-1177,487717,68
626-04-8030,Kiah Haversham,0631 Sheridan Pass,179-714-7885,849927,14
515-97-8303,Arlette Geistmann,33334 Sugar Trail,863-313-9656,785712,81
140-38-0005,Dwain Gilfether,299 Dryden Court,225-528-4056,739498,14
155-20-4594,Gustave Scougall,81 Dottie Junction,871-509-3695,280929,51
873-94-8728,Bethena Fortune,38 Sutherland Way,464-718-6520,481668,94
100-83-8473,Jamison Proven,24 Tennessee Drive,834-293-5725,738328,24
620-55-8922,Geralda Beckhurst,354 Bunting Circle,485-190-2227,339848,45
404-40-4275,Stephani Paolacci,37 Lakewood Gardens Drive,251-740-9612,478532,61
618-35-7425,Berty Amys,30189 Holy Cross Road,315-629-9770,259579,22
749-91-5543,Duffie Brehault,95958 Haas Trail,818-946-1362,409477,9
676-96-1003,Garner Akester,98196 Melody Crossing,794-482-9594,264452,61
497-94-5450,Shurwood Grindell,320 Drewry Terrace,910-978-0518,772689,68
486-70-4749,Isadore Troy,62 Nevada Avenue,926-781-7272,322350,70
326-69-4480,Isadora Paddeley,8 Goodland Place,703-711-0838,241531,37
580-54-0029,Cynthy Meekin,1 Duke Park,373-254-3322,645338,90
116-60-9580,Willow Richardeau,296 Lien Pass,727-429-4609,243891,98
835-07-1940,Reagen Brown,1838 Surrey Hill,360-670-7323,655245,23
287-82-5946,Robb Washbrook,291 Vernon Drive,411-570-6557,294423,90
737-52-6137,Gerianna Mixworthy,7 Loomis Street,956-176-6776,674399,88
656-08-8947,Marwin Makeswell,4 Morningstar Plaza,628-115-7084,975084,93
502-64-1355,Field Jolly,37 Scoville Lane,444-426-7714,204911,1
550-12-5084,Felicio Hastings,68 Village Green Crossing,426-314-6970,143088,29
408-79-7801,Bartolomeo Luthwood,587 David Parkway,315-615-0082,855378,74
613-12-8760,Jacques Cassie,149 Park Meadow Crossing,510-933-3993,151415,45
818-92-1197,Eleanore Creany,68149 Bluejay Pass,982-450-5525,920143,93
443-92-3566,Nevil Yurin,45291 Sachtjen Drive,761-554-6658,956032,31
248-02-2795,Joey Grisard,0543 Corscot Plaza,859-800-1848,683012,34
110-78-4129,Whitney Jeannel,171 Heffernan Circle,941-144-7001,255798,70
483-07-0218,Lorain Pinchin,860 Fair Oaks Park,714-869-4270,346299,47
102-10-8244,Raff Latore,11450 Brentwood Court,147-477-0578,257576,20
213-63-5532,Glenda Gotfrey,2 6th Place,934-422-1668,507142,8
751-42-3796,Carrie Scalera,4325 Crescent Oaks Trail,877-278-7219,129659,36
248-01-3551,Gan Deare,5700 Bartillon Park,338-697-1048,172858,57
413-56-4162,Dorry Shilvock,9003 Kingsford Road,462-597-3976,822169,48
130-44-6117,Grethel Brownhill,686 Miller Pass,972-411-3188,951007,36
322-38-2591,Lee Olivi,9 Butternut Place,467-165-8690,159752,72
239-61-5987,Lamond Braddock,15606 Hooker Junction,408-102-8042,866648,12
657-30-5371,Keri Sperry,9352 Quincy Avenue,991-472-7070,790387,43
875-09-1450,Vanny Sheivels,929 Mandrake Lane,641-641-2663,253359,65
878-74-6935,Cam Eggins,63 6th Street,898-192-0850,298432,50
598-92-9947,Elsey Rickaert,76 Grover Junction,212-642-1017,236607,13
276-74-4212,Merry Balam,9 Johnson Court,733-717-5464,498437,69
411-16-6120,Gabriel Grand,789 Oriole Terrace,440-204-6543,949362,57
401-66-5244,Isis Matz,86 Lakewood Hill,378-796-4023,555035,38
515-79-7788,Tara August,063 Crownhardt Hill,861-371-1431,634892,29
744-50-4151,Roselin Ramlot,5243 Hooker Plaza,514-270-6050,357155,57
711-25-5754,Lanna Korneichuk,80 Roxbury Park,863-631-2866,560857,95
206-62-2545,Reagen Callum,4190 Shelley Trail,121-772-1513,296031,2
301-57-1845,Kat Viles,7 Blackbird Center,739-469-5596,706651,42
391-91-7910,Gisela Huskisson,9 La Follette Avenue,210-477-4892,623335,96
775-91-9031,Vinnie Alderwick,67 Hagan Street,319-335-6081,159402,27
495-12-7358,Darrelle Just,00 Anniversary Crossing,699-285-9352,602533,28
348-52-2997,Ichabod Dowbekin,1136 Marquette Terrace,697-413-7378,295577,41
668-73-1191,Adolpho Tomicki,26 Hallows Circle,227-596-4018,193149,40
244-98-6299,Willy Woodeson,515 Glendale Plaza,638-271-2452,813250,58
679-06-5879,Waylon Grist,199 Golf View Alley,580-709-5534,720373,63
861-65-0293,Kinny Musson,744 Roxbury Junction,128-490-5632,847815,63
354-70-5518,Mirabel Yarnton,790 Granby Junction,192-636-7578,751091,3
642-69-2689,Josefina Tommasuzzi,3 Pearson Road,405-231-9034,973365,36
287-11-2693,Clerc Iannazzi,310 Golf Course Avenue,101-676-7525,181704,63
704-64-1696,Braden Dell Casa,10 Utah Junction,749-650-3479,978827,65
780-67-1215,Gene Manchett,73 Barnett Pass,287-738-6997,884725,49
760-29-7067,Danyette Skullet,12 Nelson Road,145-925-6750,479211,27
505-71-5603,Armand Copins,16718 Ryan Hill,813-257-9650,928758,68
745-92-3426,Christie Goutcher,996 Trailsway Avenue,901-854-1897,628213,91
820-60-5295,Fifine Worham,1795 Toban Center,759-175-4488,264471,31
320-01-5739,Godfrey Seamon,5 Morrow Trail,873-734-2091,179588,55
281-72-1815,Nickolai Eckersall,66 Debra Junction,352-852-9909,900358,2
121-19-1174,Naoma Laurenty,1108 Lerdahl Road,958-202-6720,212360,12
133-25-1223,Charlena Bastable,2126 Fremont Park,624-778-0189,897299,90
391-36-2238,Abram Delle,5 Mallard Pass,715-630-7278,868632,54
310-75-9509,Zeke Dolligon,5448 Hauk Plaza,946-542-7219,824061,55
609-31-0008,Yasmeen Bawles,131 Porter Plaza,954-406-2044,600116,10
512-06-0301,Steffane Element,25 Sachs Street,715-527-9270,106814,7
856-38-4047,Fayette Dorling,17 Havey Hill,736-888-6659,118984,46
820-69-6956,Lenka Platts,03 Surrey Park,111-817-9879,372367,15
149-27-6956,Berna Bilborough,4 Evergreen Alley,300-946-0703,257290,100
131-31-4433,Reilly Smalman,48 Lukken Avenue,105-706-6075,779479,14
