id,name,position,ssn
1,Fiann Jerger,Ophthalmology,842-85-8035
2,Haily Maberley,Neurology,415-29-3462
3,Eydie Sawdon,Surgery,565-51-1993
4,Thelma Hensmans,Anaesthetics,131-25-7033
5,Allyson Trehearne,Radiology,364-89-8715
6,Antonie Welbelove,Obstetrics and gynaecology,644-31-2408
7,Erastus Sheepy,Radiology,274-62-8515
8,Miller Luquet,Surgery,428-62-7976
9,Minda Sauvan,Cardiology,146-62-3830
10,Gun Cable,Neurology,734-44-5332
11,Reggie McCoughan,Psychiatry,386-80-8733
12,Georgeta Emery,Anaesthetics,690-94-2539
13,Ferguson Sargood,Paediatrics,513-40-3921
14,Sharline McMillam,Emergency medicine,749-37-1544
15,Debbie Purdom,Pathology,700-11-1972
16,Anya Barritt,Obstetrics and gynaecology,262-85-2272
17,Oralie Rogger,Neurology,898-28-7576
18,Peterus Denison,Anaesthetics,152-21-5890
19,Ashlin Lawtey,Paediatrics,711-28-6215
20,Junina Matyushonok,Matyushonok,495-61-7744
21,Dare Limb,Anaesthetics,359-04-3318
22,Rosette Osichev,Obstetrics and gynaecology,200-18-0634
23,Claudine Ferrarin,Trauma and orthopaedics,745-32-4336
24,Stafford Freyn,Surgery,218-36-4508
25,Chris Boyda,Anaesthetics,486-10-2826
26,Mickie Crichley,Cardiology,377-32-0957
27,Parnell Yewdell,Surgery,426-59-1840
28,Lamond Bowes,Ophthalmology,455-63-5239
29,Katheryn Matisse,Anaesthetics,664-37-8311
30,Eimile Basten,Cardiology,524-66-2880
31,Yelena Lawday,Trauma and orthopaedics,228-69-3205
32,Mort Durrans,Obstetrics and gynaecology,802-61-9580
33,Jeane Brann,Ophthalmology,217-58-7691
34,Crystal Gaffon,Ophthalmology,138-51-1631
35,Abbye Letts,Neurology,306-17-1260
36,Madalyn Gilmartin,Radiology,398-83-8798
37,Rosmunda Hulme,Obstetrics and gynaecology,409-84-8850
38,Pia Brandenberg,Surgery,313-66-4598
39,Freda Stouther,Psychiatry,109-54-4666
40,Ora Pringell,Ophthalmology,656-26-4242
41,Ann-marie Brittan,Psychiatry,222-36-0802
42,Rona Fursey,Ophthalmology,227-90-2306
43,Laurent Tomaschke,Surgery,373-92-7290
44,Joaquin Hallihane,Radiology,501-32-7188
45,Morton Shilladay,Pathology,700-57-3565
46,Maddie Broady,Psychiatry,279-89-3127
47,Gerta Tomankiewicz,Ophthalmology,894-33-8907
48,Suzanne Bliven,Obstetrics and gynaecology,644-49-7014
49,Ximenez Greguoli,Pathology,136-86-1862
50,Ferdie Antyshev,Pathology,450-87-2717
51,Emmet Aloshechkin,Ophthalmology,460-60-7049
52,Leisha Slane,Obstetrics and gynaecology,725-79-3209
53,Brear Eustis,Ophthalmology,661-96-2894
54,Judith Buckett,Emergency medicine,511-86-5633
55,Janaya Guidelli,Anaesthetics,469-22-3148
56,Zelig O'Mullaney,Radiology,362-22-9447
57,Dwain Peachment,Radiology,278-57-3367
58,Pepita Hugenin,Psychiatry,294-08-3198
59,Thorn Ellcome,Neurology,690-48-7423
60,Celie Frenzel;,Pathology,805-21-2283
61,Tracey Paulack,Neurology,169-46-0910
62,Angelika Whear,Anaesthetics,701-79-8929
63,Suzy Bernhart,Trauma and orthopaedics,163-81-6276
64,Archy Gwinnel,Ophthalmology,755-16-9398
65,Annabela Kenward,Radiology,798-62-5635
66,Adelle Campaigne,Paediatrics,467-23-7081
67,Herb Emmerson,Paediatrics,295-63-6043
68,Vania Tolotti,Surgery,781-59-2211
69,Otto Meanwell,Neurology,885-31-4449
70,Vidovik Balston,Obstetrics and gynaecology,335-06-1988
71,Rowe Trousdell,Dermatology,614-43-1522
72,Carlotta Pharrow,Surgery,102-85-3175
73,Patrice Macallam,Radiology,734-93-1663
74,Peri Hounsham,Psychiatry,719-02-2059
75,Binny Crumbleholme,Neurology,729-54-3035
76,Jsandye Northing,Paediatrics,469-75-1927
77,Freddy Dyneley,Pathology,377-60-5783
78,Sven Colclough,Paediatrics,445-55-8175
79,Darius Burtwell,Radiology,708-25-1783
80,Orelle Gregorin,Paediatrics,814-38-6251
81,Sharai Olexa,Obstetrics and gynaecology,564-19-9709
82,Culley Kingsnode,Surgery,836-82-4498
83,Gerhardt Zack,Emergency medicine,725-35-2634
84,Georgena Mercik,Anaesthetics,436-83-3211
85,Jessika Shingfield,Radiology,292-09-7195
86,Annabela Drage,Dermatology,375-81-0775
87,Camille Yoodall,Radiology,835-74-4975
88,Kimmy Gillan,Anaesthetics,744-49-7297
89,Lorne Whatham,Cardiology,134-27-9659
90,Cherianne Blewis,Cardiology,429-80-2816
91,Franchot Duns,Emergency medicine,118-18-6488
92,Codee Jordison,Obstetrics and gynaecology,511-79-3842
93,Kessia Blannin,Trauma and orthopaedics,246-81-3408
94,Prudence Thundercliffe,Emergency medicine,818-89-3895
95,Charil Franzelini,Radiology,861-40-9588
96,Jaimie Braune,Cardiology,704-46-2063
97,Loralie Lithcow,Pathology,809-13-6689
98,Ardyce Fransinelli,Trauma and orthopaedics,869-88-2237
99,Karole Cramp,Surgery,140-95-9725
100,Karyl Maryott,Ophthalmology,519-20-5632
